state,parcel_count,county_count,ogc_fid_pct,geoid_pct,parcelnumb_pct,parcelnumb_no_formatting_pct,state_parcelnumb_pct,account_number_pct,tax_id_pct,alt_parcelnumb1_pct,alt_parcelnumb2_pct,alt_parcelnumb3_pct,usecode_pct,usedesc_pct,zoning_pct,zoning_description_pct,zoning_type_pct,zoning_subtype_pct,zoning_code_link_pct,zoning_id_pct,struct_pct,structno_pct,yearbuilt_pct,numstories_pct,numunits_pct,numrooms_pct,structstyle_pct,parvaltype_pct,improvval_pct,landval_pct,parval_pct,agval_pct,homestead_exemption_pct,saleprice_pct,saledate_pct,taxamt_pct,taxyear_pct,owntype_pct,owner_pct,unmodified_owner_pct,ownfrst_pct,ownlast_pct,owner2_pct,owner3_pct,owner4_pct,previous_owner_pct,mailadd_pct,mail_address2_pct,careof_pct,mail_addno_pct,mail_addpref_pct,mail_addstr_pct,mail_addsttyp_pct,mail_addstsuf_pct,mail_unit_pct,mail_city_pct,mail_state2_pct,mail_zip_pct,mail_country_pct,mail_urbanization_pct,original_mailing_address_pct,address_pct,address2_pct,saddno_pct,saddpref_pct,saddstr_pct,saddsttyp_pct,saddstsuf_pct,sunit_pct,scity_pct,original_address_pct,city_pct,county_pct,state2_pct,szip_pct,szip5_pct,urbanization_pct,ll_address_count_pct,location_name_pct,address_source_pct,legaldesc_pct,plat_pct,book_pct,page_pct,block_pct,lot_pct,neighborhood_pct,neighborhood_code_pct,subdivision_pct,lat_pct,lon_pct,fema_flood_zone_pct,fema_flood_zone_subtype_pct,fema_flood_zone_raw_pct,fema_flood_zone_data_date_pct,qoz_pct,qoz_tract_pct,census_tract_pct,census_block_pct,census_blockgroup_pct,census_zcta_pct,census_elementary_school_district_pct,census_secondary_school_district_pct,census_unified_school_district_pct,ll_last_refresh_pct,sourceurl_pct,recrdareatx_pct,recrdareano_pct,deeded_acres_pct,gisacre_pct,sqft_pct,ll_gisacre_pct,ll_gissqft_pct,ll_bldg_footprint_sqft_pct,ll_bldg_count_pct,cdl_raw_pct,cdl_majority_category_pct,cdl_majority_percent_pct,cdl_date_pct,plss_township_pct,plss_section_pct,plss_range_pct,reviseddate_pct,path_pct,ll_stable_id_pct,ll_uuid_pct,ll_stack_uuid_pct,ll_row_parcel_pct,ll_updated_at_pct,precisely_id_pct,placekey_pct,dpv_status_pct,dpv_codes_pct,dpv_notes_pct,dpv_type_pct,cass_errorno_pct,rdi_pct,usps_vacancy_pct,usps_vacancy_date_pct,padus_public_access_pct,lbcs_activity_pct,lbcs_activity_desc_pct,lbcs_function_pct,lbcs_function_desc_pct,lbcs_structure_pct,lbcs_structure_desc_pct,lbcs_site_pct,lbcs_site_desc_pct,lbcs_ownership_pct,lbcs_ownership_desc_pct,housing_affordability_index_pct,population_density_pct,population_growth_past_5_years_pct,population_growth_next_5_years_pct,housing_growth_past_5_years_pct,housing_growth_next_5_years_pct,household_income_growth_next_5_years_pct,median_household_income_pct,fema_nri_risk_rating_pct,transmission_line_distance_pct,roughness_rating_pct,highest_parcel_elevation_pct,lowest_parcel_elevation_pct
AK,"565,339",30,100,100,73,73,0,21,22,41,19,1,6,57,29,30,25,25,25,25,1,0,39,17,20,1,0,72,69,70,71,0,0,25,46,2,34,61,92,0,1,1,8,0,0,2,63,0,2,50,8,51,33,0,1,63,62,63,0,0,63,58,0,51,19,51,50,0,1,75,57,100,100,100,82,82,0,100,10,100,53,19,29,29,13,17,11,14,26,100,100,3,3,3,3,100,16,100,100,100,82,0,0,100,100,19,0,7,0,55,23,100,100,100,100,0,0,0,0,17,16,17,26,100,89,100,3,1,100,48,54,56,40,56,40,56,32,32,56,0,38,38,38,38,35,35,39,39,71,63,96,98,98,98,98,98,98,98,93,88,88,88,88
AL,"3,360,564",67,100,100,100,100,0,19,0,74,19,2,45,16,47,46,46,46,45,46,0,0,51,47,7,24,1,98,96,96,99,0,9,62,74,49,44,0,99,28,0,0,3,0,0,9,98,0,5,61,3,60,50,5,1,98,98,98,0,0,99,79,0,61,3,61,54,8,1,90,85,100,100,100,100,100,0,100,0,100,50,0,56,60,18,21,42,60,36,100,100,80,74,80,80,100,12,100,100,100,100,0,0,100,100,0,0,4,7,88,22,100,100,71,100,15,15,15,15,100,100,100,3,100,93,100,4,0,100,61,76,77,61,77,61,77,57,57,77,0,95,95,94,94,57,57,59,59,76,76,99,100,100,100,100,100,100,100,100,97,96,96,96
AR,"2,092,048",75,100,100,100,100,0,0,0,92,76,33,97,0,35,35,35,35,35,35,33,0,44,57,0,1,0,100,99,99,99,0,50,91,93,49,78,0,100,79,0,0,0,0,0,41,98,1,2,70,10,70,50,2,0,97,97,97,0,0,98,81,0,62,16,77,63,2,0,78,99,100,100,100,100,100,0,100,0,100,83,0,45,46,27,27,0,82,82,100,100,71,65,71,71,100,10,100,100,100,100,0,0,100,100,57,0,0,0,90,0,100,100,67,100,21,21,21,21,100,100,100,87,100,98,100,0,0,100,59,79,79,57,79,57,79,53,53,79,0,94,94,60,60,59,59,95,95,83,83,100,100,100,100,100,100,100,100,100,100,100,100,100
AZ,"3,495,745",15,100,100,100,100,0,25,0,61,5,0,89,84,100,100,100,100,100,100,2,2,75,75,1,11,0,91,62,73,90,0,0,63,64,43,73,13,99,5,0,0,4,0,0,0,99,0,1,58,46,58,49,1,7,98,98,98,50,0,98,86,0,78,72,78,73,0,5,93,94,100,100,100,100,100,0,100,0,100,63,4,58,7,2,60,0,7,57,100,100,25,21,25,25,100,12,100,100,100,100,31,27,69,100,67,0,46,0,88,72,100,100,76,100,4,4,4,4,100,100,100,27,100,99,100,2,0,100,83,84,85,78,85,78,85,75,75,85,0,82,82,82,82,74,74,75,75,85,85,99,100,100,100,100,100,100,100,100,98,96,96,96
CA,"12,809,983",58,100,100,100,100,0,0,3,44,23,8,89,57,99,99,99,99,99,99,1,1,81,60,38,47,6,89,97,98,95,0,56,65,86,9,39,19,98,17,0,0,15,1,0,0,97,1,7,76,10,76,64,0,4,97,97,96,3,0,98,92,0,86,13,87,82,2,6,96,96,100,100,100,99,99,0,100,0,100,68,0,21,20,5,23,0,11,20,100,100,81,74,81,81,100,8,100,100,100,99,28,28,72,100,5,0,48,0,56,23,100,100,86,100,5,5,5,5,90,90,90,3,100,99,100,10,0,100,87,89,91,84,91,84,91,82,82,91,0,90,90,88,88,85,85,89,89,87,87,98,100,100,100,100,100,100,100,100,99,97,97,97
CO,"2,944,873",64,100,100,99,99,6,44,0,43,9,0,43,80,93,93,93,93,93,93,2,21,70,60,48,39,27,86,66,66,84,0,0,85,84,15,26,1,98,11,1,1,14,0,0,12,94,0,3,61,16,61,52,1,1,94,94,94,4,0,95,86,0,79,28,80,75,2,8,91,91,100,100,100,100,100,0,100,1,100,75,9,3,1,29,27,25,14,42,100,100,63,60,63,63,100,11,100,100,100,100,0,0,100,100,15,0,26,0,57,35,100,100,79,100,10,10,10,10,98,98,98,10,100,91,100,11,1,100,81,83,85,77,85,77,85,72,72,85,0,92,92,91,91,72,72,76,76,81,81,99,100,100,100,100,100,100,100,100,97,94,94,94
CT,"1,306,961",9,100,100,100,98,37,56,0,86,37,15,73,84,96,91,91,91,91,91,1,46,57,53,12,51,52,90,78,77,87,0,0,86,87,0,6,0,97,0,0,0,16,0,0,35,90,0,1,66,2,66,62,0,0,89,88,89,0,0,90,99,0,90,3,90,88,1,2,100,99,100,100,100,100,100,0,100,0,100,0,0,78,78,26,36,2,46,0,100,100,25,24,25,25,100,5,100,100,100,100,8,5,92,100,53,0,48,0,83,0,100,100,90,100,4,4,4,4,0,0,0,6,100,93,100,7,0,100,84,88,93,90,93,90,93,86,86,93,0,85,85,85,85,85,85,85,85,77,77,99,100,100,100,100,100,100,100,100,92,92,92,92
DC,"207,339",1,100,100,100,100,0,0,0,89,0,0,99,99,100,100,100,100,100,100,4,0,86,61,5,77,0,99,99,99,99,0,47,99,83,99,0,0,99,0,0,0,36,0,0,0,96,0,6,53,2,53,52,44,0,95,95,95,0,0,96,100,0,95,1,95,95,100,35,100,100,100,100,100,100,100,0,100,0,100,0,0,0,0,0,100,99,99,0,100,100,100,99,100,100,100,11,100,100,100,100,0,0,100,100,0,0,0,0,0,91,100,100,96,100,1,1,1,1,0,0,0,0,100,95,100,35,1,100,95,95,100,95,100,95,100,94,94,100,0,94,94,94,94,94,94,94,94,84,84,97,100,100,100,100,100,100,100,100,95,85,85,85
DE,"485,306",3,100,100,100,100,0,19,0,100,0,0,0,58,98,98,98,98,98,98,0,0,75,72,0,61,0,59,57,54,58,0,0,78,78,0,0,0,100,0,0,0,26,0,0,0,99,2,2,69,7,69,66,0,1,100,100,100,0,0,100,92,0,87,11,88,88,0,0,94,58,100,100,100,100,100,0,100,0,100,42,0,34,34,16,46,0,0,40,100,100,83,74,83,83,100,7,100,100,100,100,0,0,100,100,17,0,0,17,43,1,100,100,85,100,9,9,9,9,0,0,0,0,100,99,100,9,0,100,87,91,92,85,92,85,92,81,81,92,0,83,83,83,83,83,83,83,83,52,52,99,100,100,100,100,100,100,100,100,98,98,98,98
FL,"11,136,428",67,100,100,100,100,54,4,0,66,53,6,92,56,100,100,100,100,100,100,1,62,78,44,68,4,4,99,96,96,99,19,55,79,79,14,62,0,99,0,4,4,17,1,0,12,99,1,5,61,12,61,57,3,2,99,98,98,7,0,99,97,0,83,24,86,84,8,10,99,98,100,100,100,100,100,0,100,1,100,92,0,33,33,23,28,3,73,23,100,100,18,14,18,18,100,8,100,100,100,100,0,0,100,100,12,0,73,2,56,62,100,100,80,100,5,5,5,5,91,91,91,8,100,99,100,13,0,100,87,93,96,84,96,84,96,81,81,96,0,90,90,83,83,80,80,90,90,79,79,99,100,100,100,100,100,100,100,100,96,95,95,95
GA,"4,725,143",159,100,100,100,100,0,34,7,29,16,3,63,48,92,91,91,91,91,91,0,4,75,71,11,39,2,62,51,53,62,0,48,87,87,15,12,1,99,40,2,3,14,0,0,7,98,1,9,62,3,62,54,4,1,98,98,96,0,0,98,97,0,85,4,89,83,12,2,94,99,100,100,100,100,100,0,100,0,100,70,1,27,30,6,42,7,24,22,100,100,75,71,75,75,100,10,100,100,100,100,0,0,100,100,13,0,5,0,65,14,100,100,83,100,8,8,8,8,0,0,0,4,100,98,100,2,0,100,84,95,95,83,95,83,95,79,79,95,0,88,88,88,88,86,86,87,87,80,80,99,100,100,100,100,100,100,100,100,99,97,97,97
GU,"61,905",1,100,100,100,100,0,0,0,96,97,0,0,0,100,0,0,0,0,0,0,0,0,0,0,0,0,0,100,97,0,0,0,0,0,0,0,0,0,0,0,0,0,0,0,0,0,0,0,0,0,0,0,0,0,0,0,0,0,0,0,0,0,0,0,0,0,0,0,100,100,100,100,100,100,100,0,100,0,100,0,0,0,0,0,0,100,0,0,100,100,100,94,100,100,100,42,100,100,100,100,0,0,100,100,0,0,0,0,0,0,100,100,100,100,0,0,0,0,0,0,0,0,100,99,100,0,4,100,0,0,0,0,0,0,0,0,0,0,0,0,0,0,0,0,0,0,0,0,0,0,0,0,0,0,0,0,0,100,100,98,98,98
HI,"581,528",5,100,100,100,100,0,25,0,60,60,55,63,55,99,99,99,99,99,99,0,0,74,73,43,72,0,64,64,64,64,0,0,70,70,0,55,80,100,0,2,4,6,2,0,0,62,2,3,31,2,32,18,3,2,88,88,88,14,0,91,90,0,84,3,84,74,0,5,97,94,100,100,100,100,100,0,100,0,100,67,60,0,0,0,1,0,34,4,100,100,81,52,81,81,100,6,100,100,100,100,0,0,100,100,19,0,0,0,69,55,100,100,100,100,0,0,0,0,0,0,0,0,100,93,100,34,0,100,84,81,87,73,87,73,87,70,70,87,0,88,88,88,88,76,76,88,88,82,82,98,100,100,100,100,100,100,100,100,93,92,92,92
IA,"2,535,296",99,100,100,100,100,0,2,0,41,13,0,56,49,30,29,26,26,26,26,9,6,48,44,5,37,13,80,71,75,81,5,12,67,77,8,25,7,99,30,6,7,11,1,0,14,88,1,9,62,11,62,54,4,1,88,88,88,3,0,89,60,0,52,13,52,50,6,1,68,74,100,100,100,100,100,0,100,1,100,95,1,51,49,5,6,3,1,10,100,100,70,65,70,70,100,5,100,100,100,100,0,0,100,100,7,0,16,3,68,14,100,100,58,100,35,35,35,35,100,100,100,11,100,98,100,2,0,100,55,57,59,53,59,53,59,51,51,59,0,73,73,73,73,57,57,72,72,87,87,99,100,100,100,100,100,100,100,100,99,98,98,98
ID,"1,137,099",44,100,100,98,98,0,9,1,43,13,2,42,22,91,89,89,89,89,89,0,0,58,44,10,15,2,88,42,44,84,4,32,49,55,26,38,8,97,36,0,0,27,0,0,0,93,0,3,73,39,73,55,8,2,92,92,93,15,0,92,76,0,62,39,63,57,6,0,80,85,100,100,100,98,98,0,100,0,100,87,0,2,2,1,3,8,18,35,100,100,34,31,34,34,100,8,100,100,100,98,0,0,100,100,6,0,12,0,83,12,100,100,68,100,19,19,19,19,100,100,100,3,100,98,100,1,1,100,68,73,75,65,75,65,75,60,60,75,0,97,97,92,92,56,56,64,64,86,86,100,100,100,100,100,100,100,100,100,98,97,97,97
IL,"5,915,638",102,100,100,100,100,0,1,0,68,36,4,85,28,68,66,65,65,65,65,12,0,61,50,22,34,3,87,80,81,86,35,15,70,72,21,50,2,98,51,3,3,3,0,0,20,96,1,5,60,21,60,56,1,4,95,95,96,0,0,96,89,0,80,38,82,80,1,1,93,92,100,100,100,100,100,0,100,0,100,54,0,8,8,8,2,7,40,4,100,100,78,75,78,78,100,8,100,100,100,100,35,35,65,100,3,0,39,0,53,40,100,100,82,100,11,11,11,11,100,100,100,32,100,98,100,11,0,100,82,87,89,80,89,80,89,76,76,89,0,83,83,82,82,77,77,78,78,85,85,99,100,100,100,100,100,100,100,100,99,98,98,98
IN,"3,676,514",92,100,100,100,100,75,0,0,77,49,0,98,36,49,46,46,46,46,46,19,0,73,69,1,59,0,95,87,88,94,0,9,74,84,3,59,0,98,1,0,0,0,0,0,0,98,0,1,73,28,73,59,9,0,98,98,98,52,0,98,97,0,71,30,72,62,8,0,99,98,100,100,100,100,100,0,100,0,100,98,6,4,4,9,8,14,29,4,100,100,82,78,82,82,100,7,100,100,100,100,0,0,100,100,18,0,9,0,82,18,100,100,74,100,12,12,12,12,96,96,96,1,100,99,100,0,0,100,77,90,96,74,96,74,96,70,70,96,0,91,91,73,73,72,72,93,93,85,85,99,100,100,100,100,100,100,100,100,99,97,97,97
KS,"1,691,952",105,100,100,100,100,29,0,5,55,25,15,31,82,48,46,45,45,45,45,0,0,55,53,12,49,10,27,27,26,28,3,0,35,36,0,1,0,99,5,0,0,8,0,0,0,97,0,3,48,16,48,39,0,1,97,97,97,0,0,99,94,0,65,41,65,64,1,0,98,94,100,100,100,100,100,0,100,1,100,52,0,2,2,7,3,2,77,7,100,100,44,41,44,44,100,8,100,100,100,100,0,0,100,100,4,0,14,0,57,16,100,100,74,100,23,23,23,23,100,100,100,5,100,99,100,1,1,100,72,91,94,70,94,70,94,65,65,94,0,87,87,87,87,70,70,90,90,88,88,99,100,100,100,100,100,100,100,100,99,98,98,98
KY,"2,414,677",120,100,100,97,97,0,13,0,33,11,5,31,40,41,39,38,38,38,38,1,0,50,54,2,16,0,25,15,15,25,15,6,65,65,0,6,0,90,26,44,50,19,5,0,2,88,0,1,77,5,77,62,4,2,88,88,87,0,0,65,79,0,61,5,63,59,3,1,78,76,100,100,100,100,100,0,100,0,100,25,9,28,25,19,22,5,5,19,100,100,96,89,96,96,100,14,100,100,100,100,0,0,100,100,2,0,0,2,66,2,100,100,85,100,16,16,16,16,0,0,0,15,100,80,100,1,0,100,63,70,73,61,73,61,73,57,57,73,0,69,69,66,66,59,59,67,67,70,70,100,100,100,100,100,100,100,100,100,98,98,98,98
LA,"2,779,316",64,100,100,98,98,0,6,0,56,6,0,26,4,44,44,44,44,44,44,0,0,26,10,0,8,0,79,13,19,72,0,10,79,75,6,31,4,96,18,1,1,3,1,0,4,93,0,7,66,5,66,52,1,0,94,94,94,0,0,94,80,0,67,6,68,63,1,1,85,85,100,100,100,100,99,0,100,0,100,72,0,19,19,14,38,5,3,38,100,100,77,54,77,77,100,11,100,100,100,99,0,0,100,100,1,0,4,0,33,7,100,100,71,100,11,11,11,11,83,83,83,0,100,97,100,1,0,100,72,78,79,70,79,70,79,64,64,79,0,88,61,88,61,60,60,61,61,78,78,99,100,100,100,100,100,100,100,100,98,97,97,97
MA,"2,554,992",14,100,100,99,99,0,2,0,92,99,21,100,10,99,93,93,93,92,93,3,9,87,89,83,72,83,100,100,100,100,0,0,95,90,7,93,0,99,8,0,0,1,0,0,2,98,0,2,69,2,69,64,0,1,99,99,99,13,0,99,100,0,91,2,91,90,0,10,100,100,100,100,100,100,100,0,100,0,100,0,0,85,83,0,1,0,1,0,100,100,35,31,35,35,100,7,100,100,100,100,8,8,92,100,0,0,94,0,81,17,100,100,89,100,5,5,5,5,0,0,0,28,100,97,100,17,0,100,90,96,98,88,98,88,98,82,82,98,0,97,97,88,88,87,87,98,98,87,87,99,100,100,100,100,100,100,100,100,97,97,97,97
MD,"2,495,849",24,100,100,99,99,24,66,19,45,17,0,94,92,99,99,99,99,99,99,0,0,83,68,86,0,76,94,85,91,92,0,27,74,92,0,0,0,97,0,0,0,39,0,0,25,97,1,3,65,3,65,62,1,4,94,94,96,0,0,98,96,0,88,6,93,92,1,4,99,97,100,100,100,100,100,0,100,0,100,79,39,76,76,40,74,10,0,42,100,100,21,20,21,21,100,9,100,100,100,100,0,0,100,100,92,0,72,0,66,35,100,100,85,100,4,4,4,4,0,0,0,52,100,99,100,5,2,100,88,93,91,86,91,86,91,84,84,91,0,94,94,94,94,92,92,93,93,85,85,99,100,100,100,100,100,100,100,100,99,95,95,95
ME,"739,067",16,100,100,99,99,69,14,0,31,4,0,24,19,40,40,36,36,36,36,0,1,26,26,38,19,3,79,60,64,63,0,2,37,44,5,2,0,67,1,0,0,12,0,0,1,64,1,2,41,1,41,33,0,0,64,64,52,14,0,65,77,0,59,1,59,58,0,1,98,100,100,100,100,100,100,0,100,0,100,2,0,41,38,1,10,0,3,0,100,100,24,19,24,24,100,8,100,100,100,100,4,3,96,100,3,0,32,0,64,4,100,100,77,100,14,14,14,14,0,0,0,1,100,96,100,2,1,100,62,74,75,60,75,60,75,52,52,75,0,97,97,92,92,53,53,59,59,57,57,98,100,100,100,100,100,100,100,100,96,95,95,95
MI,"5,093,862",85,100,100,100,100,0,0,7,27,1,0,79,31,64,54,53,53,53,53,20,16,50,45,0,19,21,75,13,23,77,8,23,68,64,0,20,5,98,46,1,1,9,0,0,8,87,0,1,60,11,60,55,4,0,87,87,87,0,0,80,94,0,78,16,81,76,5,1,96,96,100,100,100,100,100,0,100,0,100,64,0,32,31,1,0,1,2,2,100,100,65,63,65,65,100,9,100,100,100,100,0,0,100,100,12,0,25,8,72,18,100,100,81,100,13,13,13,13,93,93,93,3,100,98,100,4,0,100,82,91,92,81,92,81,92,74,74,92,0,80,80,79,79,78,78,80,80,84,84,99,100,100,100,100,100,100,100,100,98,98,98,98
MN,"3,204,883",87,100,100,100,100,1,0,0,36,3,0,57,65,53,51,50,50,50,50,0,0,61,52,24,30,19,76,70,71,75,0,68,65,63,44,48,13,98,2,0,1,10,0,0,0,95,1,12,42,3,42,36,13,0,95,95,95,0,0,95,73,0,67,6,67,63,31,2,83,84,100,100,100,100,100,0,100,1,100,72,45,0,0,39,42,4,13,8,100,100,2,2,2,2,100,8,100,100,100,100,0,0,100,100,11,0,19,14,70,28,100,100,72,100,23,23,23,23,99,99,99,8,100,100,100,4,1,100,71,72,73,69,73,68,73,65,65,73,0,70,70,71,71,64,64,65,65,84,84,99,100,100,100,100,100,100,100,100,99,98,98,98
MO,"3,390,039",115,100,100,100,100,0,10,8,64,22,4,42,53,53,47,47,47,47,47,1,7,68,50,19,26,11,78,56,53,72,44,3,62,70,4,22,1,99,18,1,1,3,0,0,9,95,0,4,61,18,61,50,2,2,95,95,95,3,0,95,88,0,68,22,69,62,1,0,88,92,100,100,100,100,100,0,100,0,100,79,0,43,43,7,20,0,7,31,100,100,52,47,52,52,100,9,100,100,100,100,3,0,97,100,6,0,38,6,84,21,100,100,77,100,17,17,17,17,83,83,83,0,100,99,100,1,0,100,73,82,84,71,84,71,84,67,67,84,0,70,70,69,69,67,67,69,69,82,82,99,100,100,100,100,100,100,100,100,99,98,98,98
MP,"28,461",3,100,100,100,100,0,0,0,9,12,0,0,0,0,0,0,0,0,0,0,0,0,0,0,0,0,0,0,0,0,0,0,0,5,0,0,25,29,29,0,0,0,0,0,0,0,0,0,0,0,0,0,0,0,0,0,0,0,0,0,0,0,0,0,0,0,0,0,100,0,100,100,100,100,100,0,100,0,100,0,0,0,0,0,0,0,0,0,100,100,100,93,100,100,100,100,100,100,100,100,0,0,100,100,0,0,0,0,0,0,100,100,100,100,0,0,0,0,0,0,0,0,100,95,100,1,4,100,0,0,0,0,0,0,0,0,0,0,0,0,0,0,0,0,0,0,0,19,19,0,0,0,0,0,0,0,0,100,100,94,94,94
MS,"2,025,185",82,100,100,100,100,0,0,0,67,6,1,17,6,28,28,28,28,28,28,0,0,57,20,0,31,1,91,83,85,89,16,30,70,79,7,5,0,99,7,0,0,7,0,0,0,90,1,7,64,4,64,49,3,0,89,90,89,0,0,92,71,0,55,4,56,48,3,0,74,98,100,100,100,100,100,1,100,0,100,79,1,66,68,2,8,0,0,14,100,100,86,76,86,86,100,14,100,100,100,100,0,0,100,100,53,0,4,0,79,0,100,100,67,100,21,21,21,21,100,100,100,4,100,98,100,0,1,100,54,67,68,53,68,53,68,50,50,68,0,90,90,90,90,46,46,46,46,80,80,100,100,100,100,100,100,100,100,100,99,99,99,99
MT,"908,546",56,100,100,97,97,0,0,0,98,2,0,0,97,23,23,23,23,23,23,0,0,0,41,5,0,41,100,100,100,100,0,6,0,73,0,97,0,97,0,0,0,1,0,0,0,97,0,11,77,7,78,50,6,0,97,97,97,0,0,97,60,0,49,7,52,49,7,1,65,57,100,100,100,100,100,0,100,2,100,97,0,36,37,0,0,0,0,47,100,100,0,0,0,0,100,8,100,100,100,100,76,76,24,100,0,0,41,0,100,0,100,100,53,100,42,42,42,42,100,100,100,0,100,100,100,0,1,100,52,59,59,50,59,50,59,44,44,59,0,96,96,96,96,51,51,54,54,78,78,100,100,100,100,100,100,100,100,100,99,98,98,98
NC,"5,862,217",100,100,100,100,100,6,17,1,92,35,5,48,61,91,91,91,91,91,91,38,24,71,65,21,23,10,95,91,91,94,0,0,87,91,1,25,0,100,1,6,7,27,0,0,5,99,0,2,63,4,63,56,1,1,99,99,99,0,0,99,96,0,78,7,80,79,4,1,95,95,100,100,100,100,100,0,100,0,100,70,7,95,92,12,13,22,31,14,100,100,48,45,48,48,100,11,100,100,100,100,0,0,100,100,13,0,36,18,94,1,100,100,74,100,8,8,8,8,0,0,0,9,100,99,100,2,0,100,79,88,93,77,93,77,93,70,70,93,0,70,70,70,70,70,70,71,71,74,74,100,100,100,100,100,100,100,100,100,93,92,92,92
ND,"756,023",53,100,100,99,99,22,1,0,75,28,1,0,60,23,19,18,18,18,18,17,30,10,8,2,6,0,88,65,63,77,51,3,15,15,5,70,5,90,0,0,0,6,0,0,1,86,1,5,64,4,64,49,33,0,86,85,87,30,0,89,45,0,34,3,34,32,21,0,51,80,100,100,100,100,100,0,100,0,100,90,19,0,0,17,26,1,1,16,100,100,46,34,46,46,100,6,100,100,100,100,3,0,97,100,5,0,1,20,71,4,100,100,44,100,49,49,49,49,100,100,100,3,100,98,100,5,2,100,38,38,44,36,44,36,44,31,31,44,0,71,71,70,70,37,37,72,72,77,76,100,100,100,100,100,100,100,100,100,96,95,95,95
NE,"1,189,654",93,100,100,99,99,9,0,0,38,33,0,21,87,43,46,41,41,41,41,0,18,61,60,17,24,11,84,75,73,83,22,0,71,70,40,40,0,96,7,0,0,3,0,0,12,93,1,4,68,19,68,54,0,0,92,92,92,1,0,88,71,0,58,24,58,55,0,0,77,93,100,100,100,100,100,0,100,0,100,89,0,34,16,6,18,2,16,24,100,100,77,71,77,77,100,5,100,100,100,100,0,0,100,100,18,0,40,0,36,21,100,100,69,100,27,27,27,27,100,100,100,0,100,99,100,1,1,100,64,70,70,61,70,61,70,59,59,70,0,87,87,86,86,66,66,87,87,85,85,99,100,100,100,100,100,100,100,100,99,98,98,98
NH,"709,968",10,100,100,100,100,100,0,0,98,96,91,97,96,96,63,63,63,63,63,0,0,79,57,5,59,76,96,96,96,96,0,0,46,46,0,96,0,96,0,0,0,41,0,0,0,96,1,4,77,2,77,65,0,0,96,96,95,0,0,96,99,0,79,2,79,77,0,0,93,98,100,100,100,100,100,0,100,0,100,0,0,0,0,40,70,0,94,0,100,100,84,77,84,84,100,9,100,100,100,100,31,12,69,100,0,0,96,0,96,0,100,100,83,100,13,13,13,13,0,0,0,96,100,88,100,15,0,100,82,83,94,79,94,79,94,70,70,94,0,95,95,95,95,95,95,95,95,76,76,99,100,100,100,100,100,100,100,100,85,85,85,85
NJ,"3,479,298",21,100,100,100,100,14,10,8,23,6,0,93,0,100,100,100,100,100,100,5,0,79,61,30,8,29,92,92,92,92,0,0,92,85,52,53,0,90,62,3,4,1,1,0,1,91,0,0,71,5,71,67,0,0,90,91,91,0,0,91,95,0,82,7,84,82,1,0,97,94,100,100,100,100,100,0,100,0,100,0,0,77,77,99,99,0,25,0,100,100,73,64,73,73,100,6,100,100,100,100,24,24,76,100,4,0,70,0,89,4,100,100,86,100,2,2,2,2,0,0,0,30,100,98,100,0,0,100,86,86,94,85,94,85,94,81,81,94,0,84,84,85,85,83,83,89,89,69,69,99,100,100,100,100,100,100,100,100,93,88,88,88
NM,"1,614,107",33,100,100,97,95,44,59,2,66,24,9,82,35,64,61,60,60,60,60,0,0,41,32,5,14,13,61,54,63,62,16,16,49,45,17,56,1,96,5,0,0,2,0,0,0,93,0,4,68,7,68,48,20,2,93,93,93,0,0,95,57,0,50,8,51,44,18,0,71,85,100,100,100,99,99,0,100,0,100,87,12,13,13,33,39,6,11,42,100,100,87,75,87,87,100,14,100,100,100,100,0,0,100,100,12,0,2,0,77,8,100,100,52,100,10,10,10,10,68,68,68,22,100,97,100,1,0,100,51,53,56,48,56,48,56,44,44,56,0,87,87,86,86,49,49,51,51,79,78,100,100,100,100,100,100,100,100,100,97,96,96,96
NV,"1,406,679",17,100,100,100,100,0,0,0,28,22,0,79,1,99,98,98,98,98,98,0,0,76,78,26,53,12,98,89,89,89,5,1,89,80,1,77,2,86,1,9,14,1,0,0,0,85,1,19,57,4,57,51,0,0,85,85,85,0,0,86,88,0,83,13,84,82,1,8,97,92,100,100,100,99,99,0,100,1,100,53,1,78,75,15,3,0,14,24,100,100,77,75,77,77,100,7,100,100,100,99,0,0,100,100,18,0,78,0,91,6,100,100,75,100,4,4,4,4,100,100,100,58,100,99,100,9,5,100,83,72,87,80,87,80,87,77,77,87,0,80,80,80,80,75,75,77,77,73,73,98,100,100,100,100,100,100,100,100,85,83,83,83
NY,"5,776,867",62,100,100,100,100,51,5,5,78,62,34,98,33,75,69,69,69,69,69,8,20,78,78,26,21,39,99,7,96,99,0,0,66,66,0,80,54,99,11,3,4,28,0,0,0,99,0,4,56,4,56,52,1,6,99,99,99,0,0,99,99,0,87,8,88,83,1,6,99,99,100,100,100,100,100,0,100,0,100,8,0,56,57,43,40,0,12,0,100,100,66,62,66,66,100,7,100,100,100,100,1,1,99,100,6,0,43,10,78,60,100,100,87,100,7,7,7,7,0,0,0,2,100,94,100,6,0,100,86,92,98,82,98,82,98,77,77,98,0,87,87,86,86,85,85,85,85,79,79,98,100,100,100,100,100,100,100,100,94,93,93,93
OH,"6,460,521",88,100,100,100,100,0,3,1,53,20,9,90,36,65,64,63,63,63,63,11,2,67,67,25,57,8,87,81,84,85,29,26,85,85,34,21,1,99,10,3,3,10,0,0,19,94,2,11,42,5,43,37,3,2,92,92,92,20,0,93,97,0,73,10,77,73,5,1,97,97,100,100,100,100,100,0,100,0,100,70,1,37,37,5,13,10,46,8,100,100,45,43,45,45,100,9,100,100,100,100,0,0,100,100,9,0,33,6,84,9,100,100,76,100,7,7,7,7,60,60,60,1,100,99,100,2,1,100,75,95,95,72,95,72,95,69,69,95,0,83,83,73,73,71,71,85,85,87,87,99,100,100,100,100,100,100,100,100,99,96,96,96
OK,"2,413,854",77,100,100,100,100,0,86,0,40,75,14,80,33,41,41,41,41,41,41,0,70,56,54,16,29,36,100,84,93,100,0,72,76,86,63,67,0,99,25,0,0,15,1,0,64,97,1,6,67,30,67,52,2,0,98,98,97,0,0,99,76,0,65,45,67,61,11,0,83,98,100,100,100,100,100,0,100,0,100,99,0,63,63,15,13,43,79,58,100,100,27,26,27,27,100,10,100,100,100,100,5,0,95,100,65,0,53,0,67,18,100,100,75,100,19,19,19,19,100,100,100,65,100,99,100,1,1,100,64,74,73,60,73,60,73,57,57,73,0,60,60,60,60,59,59,60,60,85,85,99,100,100,100,100,100,100,100,100,99,98,98,98
OR,"1,912,778",36,100,100,99,99,16,60,13,71,27,2,87,51,98,96,96,96,96,96,13,16,71,51,17,12,2,76,74,76,76,0,0,79,75,15,21,0,99,10,2,2,4,1,0,2,96,0,3,74,34,74,62,2,1,96,96,96,8,0,96,87,0,77,42,78,76,6,2,91,93,100,100,100,99,99,0,100,0,100,32,0,6,6,15,27,7,36,11,100,100,75,64,75,75,100,10,100,100,100,99,0,0,100,100,12,0,44,0,78,40,100,100,80,100,11,11,11,11,100,100,100,13,100,97,100,4,1,100,80,83,82,79,82,79,82,76,76,82,0,84,84,84,84,78,78,80,80,85,85,99,100,100,100,100,100,100,100,100,97,94,94,94
PA,"5,943,227",67,100,100,100,100,10,15,3,39,16,7,76,27,69,70,66,66,66,66,2,1,66,61,14,51,12,90,82,82,91,1,19,94,93,3,20,10,99,8,1,1,12,0,0,10,89,1,8,58,7,58,54,0,1,89,89,89,0,0,88,95,0,79,14,81,79,3,2,97,95,100,100,100,100,100,0,100,0,100,38,0,58,57,18,19,13,26,3,100,100,58,55,58,58,100,8,100,100,100,100,0,0,100,100,16,0,39,1,61,30,100,100,84,100,7,7,7,7,0,0,0,15,100,98,100,1,0,100,82,93,93,80,93,80,93,76,76,93,0,85,85,82,82,79,79,79,79,88,88,99,100,100,100,100,100,100,100,100,99,96,96,96
PR,"1,522,033",78,100,100,90,90,0,0,0,98,98,0,0,0,0,0,0,0,0,0,0,0,0,0,0,0,0,100,90,90,90,0,0,61,60,0,0,0,88,0,0,0,0,0,0,58,84,1,0,0,0,0,0,0,0,54,87,84,1,21,88,89,0,14,24,14,0,7,8,73,89,100,100,100,100,100,67,100,0,100,0,0,54,53,0,0,0,0,0,100,100,73,67,73,73,100,97,100,100,100,100,0,0,100,100,0,0,0,0,0,0,100,100,100,100,0,0,0,0,0,0,0,0,100,99,100,15,1,100,18,91,87,10,86,10,87,9,9,87,0,8,8,8,8,8,8,8,8,74,74,0,0,0,0,0,0,0,0,100,99,98,98,98
RI,"398,128",5,100,100,99,100,0,57,0,59,22,0,89,67,99,95,95,95,95,95,0,32,56,56,35,57,83,66,62,62,69,0,0,69,66,9,8,0,73,0,0,0,20,0,0,17,72,0,2,51,1,51,48,0,0,72,72,71,1,0,72,94,13,85,2,86,86,0,2,95,94,100,100,100,100,100,0,100,1,100,3,26,28,26,9,32,0,23,0,100,100,58,56,58,58,100,8,100,100,100,100,5,2,95,100,9,0,36,0,77,27,100,100,87,100,2,2,2,2,0,0,0,11,100,98,100,2,0,100,86,90,90,86,90,86,90,82,82,90,0,85,85,85,85,81,81,81,81,53,53,99,100,100,100,100,100,100,100,100,98,97,97,97
SC,"2,929,738",46,100,100,100,100,0,30,0,28,3,0,59,39,91,90,90,90,90,90,1,19,55,52,14,19,4,65,55,57,63,0,19,75,80,10,9,0,99,4,0,0,14,0,0,26,99,0,4,67,3,67,59,1,1,97,97,97,2,0,99,89,0,77,5,77,75,1,1,90,83,100,100,100,100,100,0,100,0,100,73,15,68,68,11,30,10,2,24,100,100,60,53,60,60,100,11,100,100,100,100,0,0,100,100,0,0,23,4,76,7,100,100,78,100,8,8,8,8,0,0,0,13,100,98,100,4,0,100,78,84,87,78,87,78,87,73,73,87,0,75,75,75,75,71,71,73,73,78,78,100,100,100,100,100,100,100,100,100,98,97,97,97
SD,"785,030",66,100,100,97,97,0,0,7,28,3,0,51,14,25,21,17,17,17,17,0,0,23,11,7,5,2,51,27,29,41,7,0,41,47,8,18,16,90,26,5,7,10,0,0,5,83,1,6,63,17,63,50,2,0,83,83,83,1,0,85,63,0,41,18,41,39,3,0,73,72,100,100,100,100,100,0,100,3,100,90,6,21,21,22,19,0,3,13,100,100,58,48,58,58,100,7,100,100,100,100,0,0,100,100,3,0,5,3,67,19,100,100,52,100,44,44,44,44,100,100,100,4,100,95,100,0,3,100,45,61,62,43,62,43,62,39,39,62,2,93,93,88,88,36,36,45,45,73,73,100,100,100,100,100,100,100,100,100,99,98,98,98
TN,"3,493,953",95,100,100,99,99,0,6,0,77,29,11,90,86,81,78,78,78,78,78,10,56,74,75,22,23,3,99,93,93,93,16,0,92,94,0,32,0,98,1,0,0,13,0,0,4,96,0,3,66,4,66,59,2,1,98,98,98,13,0,98,100,0,81,5,82,76,2,1,98,100,100,100,100,100,100,0,100,0,100,21,0,80,80,7,46,7,62,52,100,100,54,52,54,54,100,11,100,100,100,100,4,4,96,100,9,0,51,15,92,16,100,100,81,100,10,10,10,10,0,0,0,54,100,99,100,1,0,100,80,97,98,78,98,78,98,75,75,98,0,76,76,76,76,76,76,76,76,79,79,99,100,100,100,100,100,100,100,100,98,97,97,97
TX,"13,864,687",254,100,100,99,99,0,37,0,69,17,2,62,27,68,68,68,68,68,68,5,4,66,53,4,16,5,96,88,87,91,33,17,67,85,1,79,0,98,16,0,0,3,0,0,0,96,0,7,68,6,68,56,1,2,95,94,94,12,0,95,92,0,78,11,82,71,3,2,93,98,100,100,100,99,99,0,100,0,100,93,0,21,21,32,27,7,58,28,100,100,72,67,72,72,99,13,100,100,100,100,0,0,99,100,0,0,34,5,47,18,100,100,74,100,9,9,9,9,0,0,0,15,100,87,100,4,0,100,78,78,89,75,89,75,89,71,71,89,0,76,76,72,72,68,68,75,75,73,73,99,100,100,100,100,100,100,100,100,87,87,87,87
UT,"1,582,762",29,100,100,98,98,0,24,11,36,2,0,63,41,98,98,98,98,98,98,1,19,67,60,48,45,2,84,59,70,82,18,1,58,58,34,67,11,97,1,0,0,6,1,0,0,93,0,4,52,38,52,25,20,2,94,94,93,1,0,95,79,0,70,65,70,39,29,1,89,89,100,100,100,98,98,0,100,1,100,38,1,12,4,1,21,0,42,37,100,100,67,63,67,67,100,9,100,100,100,97,0,0,100,100,18,0,54,3,94,0,100,100,68,100,8,8,8,8,100,100,100,27,100,97,100,2,1,100,74,75,78,71,78,71,78,67,67,78,0,69,69,68,68,65,65,68,68,67,67,99,100,100,100,100,100,100,100,100,95,91,91,91
VA,"4,242,105",133,100,100,100,100,3,28,8,47,29,5,72,42,93,93,93,93,93,93,0,5,69,69,22,59,17,91,89,90,89,0,0,88,85,4,12,1,98,38,1,1,12,4,0,21,97,0,3,61,3,61,55,1,0,97,96,97,0,0,98,88,0,78,5,78,77,3,3,90,88,100,100,100,100,100,0,100,1,100,72,8,46,45,10,44,10,33,32,100,100,60,57,60,60,100,11,100,100,100,100,0,0,100,100,15,0,36,6,68,17,100,100,79,100,9,9,9,9,0,0,0,7,100,96,100,5,0,100,79,84,86,78,86,78,86,74,74,86,0,80,80,79,79,77,77,78,78,80,80,99,100,100,100,100,100,100,100,100,98,98,98,98
VI,"64,983",3,100,100,100,100,0,0,0,0,0,0,0,0,99,0,0,0,0,0,0,0,0,0,0,0,0,89,89,89,89,0,0,0,0,0,0,0,89,0,0,0,0,0,0,0,89,0,0,58,2,58,11,0,0,88,89,89,0,0,89,90,0,1,0,1,1,0,0,87,89,100,100,100,100,100,0,100,0,100,0,0,0,0,0,0,0,0,0,100,100,92,79,92,92,100,41,100,100,100,100,0,0,100,100,0,0,0,0,0,0,100,100,100,100,0,0,0,0,0,0,0,0,100,98,100,0,3,100,2,66,89,4,89,4,89,1,1,89,0,98,98,98,98,94,94,98,98,66,66,0,0,0,0,0,0,0,0,100,98,96,96,96
VT,"338,623",14,100,100,96,96,0,0,0,0,0,0,0,95,36,36,36,36,34,36,0,0,60,44,11,58,0,100,95,95,95,0,95,51,51,0,0,0,95,0,0,0,35,0,0,0,95,1,3,70,3,70,54,1,0,95,95,95,0,0,95,95,0,65,4,65,62,1,0,100,100,100,100,100,100,100,0,100,0,100,0,0,0,0,0,0,0,0,0,100,100,2,2,2,2,100,10,100,100,100,100,14,14,86,100,0,0,0,0,95,0,100,100,87,100,24,24,24,24,0,0,0,0,100,95,100,8,2,100,83,90,94,74,94,74,94,66,66,94,0,82,82,82,82,82,82,84,84,80,80,100,100,100,100,100,100,100,100,100,95,94,94,94
WA,"3,272,471",39,100,100,99,99,0,24,1,22,3,0,93,76,96,96,96,96,96,96,8,10,76,69,19,15,5,96,84,90,95,9,6,76,75,23,65,4,98,19,1,2,1,0,0,6,97,0,7,73,23,73,62,24,0,96,96,96,10,0,97,87,0,77,28,77,75,28,1,92,94,100,100,100,100,100,0,100,0,100,66,18,2,0,10,20,5,26,20,100,100,70,67,70,70,100,10,100,100,100,100,0,0,100,100,13,0,19,0,89,46,100,100,80,100,10,10,10,10,100,100,100,3,100,99,100,3,0,100,80,86,86,78,86,78,86,74,74,86,0,82,82,82,82,79,79,83,83,84,84,99,100,100,100,100,100,100,100,99,99,98,98,98
WI,"3,554,807",72,100,100,100,100,14,0,3,81,36,0,86,8,39,41,39,39,39,39,3,0,25,24,13,19,6,100,89,90,90,0,0,45,47,76,87,0,98,0,3,5,32,0,0,0,97,1,1,74,17,74,67,2,1,98,98,98,0,0,99,72,1,68,23,70,64,2,2,98,99,100,100,100,100,100,0,100,1,100,23,8,2,4,0,3,4,4,0,100,100,82,78,82,82,100,5,100,100,100,100,4,4,96,100,16,0,2,2,69,2,100,100,68,100,24,24,24,24,99,98,99,81,100,99,100,4,1,100,68,71,71,64,71,64,71,60,60,71,0,85,85,85,85,72,72,91,91,81,81,99,100,100,100,100,100,100,100,100,99,99,99,99
WV,"1,398,918",55,100,100,99,99,0,0,0,99,100,99,98,98,16,16,16,16,16,16,32,0,56,98,96,98,45,98,98,98,98,0,0,49,49,0,98,0,98,0,0,0,0,0,0,0,94,0,8,78,3,78,62,1,0,97,97,97,0,0,98,64,0,60,2,60,59,1,1,75,61,100,100,100,100,100,0,100,0,100,98,0,96,96,0,0,0,5,0,100,100,81,74,81,81,100,10,100,100,100,100,0,0,100,100,8,0,98,0,100,0,100,100,66,100,14,14,14,14,0,0,0,0,100,99,100,0,0,100,57,62,63,51,63,51,63,46,46,63,0,63,63,62,62,59,59,63,63,80,80,100,100,100,100,100,100,100,100,100,99,98,98,98
WY,"365,194",23,100,100,98,98,0,92,23,19,4,0,0,33,36,34,34,34,34,34,5,0,51,50,7,27,1,98,8,30,94,0,0,28,42,0,76,0,94,7,0,0,7,0,0,0,91,0,4,76,11,76,49,1,0,91,91,91,0,0,91,88,0,56,13,57,52,1,0,87,84,100,100,100,96,96,0,100,0,100,90,0,9,9,6,16,0,10,6,100,100,46,38,46,46,100,15,100,100,100,96,0,0,100,100,2,0,1,0,98,76,100,100,71,100,24,24,24,24,63,63,63,0,100,99,100,0,0,100,72,86,85,67,85,67,85,59,59,85,0,63,63,63,63,59,59,64,64,85,85,100,100,100,100,100,100,100,100,100,99,97,97,97